{
  "k": 6,
  "features": [
    "adx",
    "rsi",
    "bb_pos",
    "bbw",
    "atr_pct",
    "chop",
    "trend_consistency"
  ],
  "centroids": [
    [
      33.20484100111682,
      33.371386923692654,
      0.10476745667207427,
      0.09885682263280499,
      1.905604022165995,
      0.39210280145284476,
      0.39279330790991707
    ],
    [
      30.403701803951243,
      48.4005125707952,
      0.4672802022724407,
      0.11450079835354474,
      3.0585325431933406,
      0.5324151293075889,
      0.15357115268113458
    ],
    [
      38.109223972531545,
      70.48232523409396,
      0.898120840256442,
      0.12060304412285719,
      1.806210104218677,
      0.35151454436451235,
      0.4714595929620082
    ],
    [
      23.41525663786842,
      58.1795791260207,
      0.7964493277313585,
      0.05635539012350666,
      1.559987972831538,
      0.5311614780106622,
      0.19473652865136626
    ],
    [
      47.15002886102782,
      44.91151566043542,
      0.41808573695532336,
      0.32032411669061417,
      4.986365675193866,
      0.30299100397878115,
      0.4084205994786998
    ],
    [
      20.705185171894318,
      46.16400173907812,
      0.3448717176907222,
      0.046181114070795774,
      1.524014323113342,
      0.5916677285488893,
      0.13084884777750327
    ]
  ],
  "centroids_z": [
    [
      0.493931773992074,
      -1.3765469838009523,
      -1.2267987536153395,
      0.24073614218034406,
      -0.02565892958046902,
      -0.7362150484509901,
      0.895213652561521
    ],
    [
      0.2569768136681082,
      -0.16361548370580914,
      -0.11819070450999881,
      0.47607586440907296,
      1.1711991001685538,
      0.20307262845478896,
      -0.48201674849195225
    ],
    [
      0.908805077532661,
      1.6185058976320676,
      1.199372346575897,
      0.5678748322646383,
      -0.128840008575254,
      -1.0079235311840364,
      1.3481048122790005
    ],
    [
      -0.33419221810688865,
      0.6256079312069971,
      0.8884485003995264,
      -0.3986329989901445,
      -0.3844438293481346,
      0.19468035649733614,
      -0.24502278276674955
    ],
    [
      1.6735880507665755,
      -0.4451963524588678,
      -0.2686333603445381,
      3.5723733421291883,
      3.172487577267743,
      -1.3327528902360832,
      0.9851818288538506
    ],
    [
      -0.5634435446189022,
      -0.34411397056333465,
      -0.4925307323656786,
      -0.5516894433918728,
      -0.42178816660699264,
      0.5997251332126478,
      -0.6128317604433297
    ]
  ],
  "descriptions": [
    "Strong-Trend | Oversold | Lower-Band",
    "Strong-Trend | HighVol",
    "Strong-Trend | Overbought | Upper-Band",
    "Mid-Trend | Upper-Band",
    "Strong-Trend | HighVol",
    "Mid-Trend"
  ],
  "fractions": [
    0.14546147978642257,
    0.1274980930587338,
    0.11903127383676583,
    0.24786422578184591,
    0.03245614035087719,
    0.3276887871853547
  ],
  "fit_n": 26220,
  "fit_range": [
    "2022-05-11T12:00:00+00:00",
    "2026-05-07T00:00:00+00:00"
  ],
  "inertia": 80819.57502524377
}