{
  "mean": [
    0.49930766064144305,
    0.0004481966175918465,
    0.49960860843232935,
    0.5087384454174619,
    0.0005886020488632794,
    0.5025733784058637,
    0.0027374744167260926,
    0.0013520282351801919,
    -0.01459951076937611,
    50.094086843524195,
    0.2703549293042551,
    0.3187522130260358,
    0.0014941708518077718,
    0.003427675064912096,
    0.48289051468730687,
    0.4906823674359462,
    0.008034025177662819,
    0.0027274352486986015,
    0.2100090306779693,
    50.779523628596586,
    0.00013967886141882398,
    0.0035043549614127093,
    0.0074423143942350155,
    0.49938573450883605,
    0.04176490400808353,
    0.00034178514701645917,
    0.5037643893954232,
    50.11955318963833,
    0.005384821655140226,
    0.00036002571132788276,
    0.016211297105056775,
    21.921364129496464,
    0.0006805293285392497,
    0.5038497095978894,
    -0.05607316030611184,
    0.00011384846758336138,
    50.1082118546392,
    0.5061562067287901,
    8.261240116999164e-05,
    20.220793518688318,
    0.014391218901690952,
    21.83971408707355,
    3.072183681890768e-05,
    19.823383071964862,
    0.00021299040021262704,
    0.5056696979903447,
    0.03562740915384903,
    0.0009095918613726584,
    0.08695759391884941,
    0.0013501592540687754,
    20.071303080918536,
    0.00034384692330588685,
    -0.0558347813272866
  ],
  "std": [
    0.49999953066598285,
    0.01781030783399638,
    0.3543447182636286,
    0.49992364373988035,
    0.022302656895463097,
    0.3211788794711485,
    0.04643495458250387,
    0.031935219689733806,
    1.3121661989191673,
    11.205644464233453,
    0.1934988431524169,
    0.2093036709858224,
    0.0358210355805599,
    0.052015750672962095,
    0.3401594903000048,
    0.32279041067215564,
    0.07797760786613392,
    0.04576228585096475,
    1.2808097964032876,
    11.335228962037652,
    0.011529333313272105,
    0.05568668309717558,
    0.082550026274929,
    0.3202849985652607,
    0.2000514953763378,
    0.01586279608497422,
    0.3490393464074702,
    11.001968984614466,
    0.06349088096509124,
    0.018504698469153886,
    0.11601866499621795,
    7.679036625113781,
    0.02259384349196399,
    0.318849220895457,
    1.3040588530151689,
    0.009050529652384499,
    10.5571449372818,
    0.49996210968227833,
    0.00957582627766047,
    7.329423507499337,
    0.12226594189683221,
    7.9713584202044885,
    0.005977402302062061,
    7.476533887528635,
    0.01487982741688999,
    0.49996786349130035,
    0.18535938222280743,
    0.0288047465802175,
    1.2705112587218645,
    0.03187509949292666,
    7.6108140272337765,
    0.016076379944119767,
    1.306152568778837
  ],
  "regime_mean": [
    26.54684367559323,
    0.5137266294328269,
    -0.07021364238631314,
    1.0528089348817373,
    0.21098675472976533,
    0.2608061075558549
  ],
  "regime_std": [
    11.122942826010055,
    0.15240209629438975,
    1.3845326251574237,
    0.6576506110016385,
    0.15294110165371985,
    0.4390743565717608
  ],
  "regime_cols": [
    "1h_adx",
    "1h_chop",
    "1h_vol_regime",
    "1h_bb_squeeze",
    "1h_trend_consistency",
    "1h_regime_trend"
  ]
}