{
  "mean": [
    0.4777777777777778,
    5.020939643985737e-05,
    0.4799071724644225,
    0.4027777777777778,
    -0.00019877772078155055,
    0.5004768097667761,
    0.0003668113033383747,
    0.000187570516318467,
    0.1472983469172939,
    49.83244136334775,
    0.31197035362478887,
    0.2739123028832089,
    -0.0004413482949263538,
    0.5369555638411891,
    -0.001702567390681508,
    0.5105733142068183,
    0.0009942639009412751,
    0.0004139558166136598,
    -0.38501203507331905,
    46.463009913418034,
    -0.0001664332262003511,
    -0.013736352009321865,
    -0.0018589564376563,
    0.4721799951651902,
    0.03611111111111111,
    48.840535406713244,
    0.0007756569231157288,
    0.4570145504250407,
    0.00012145455836438657,
    0.000439403967369667,
    -0.00024258913040145646,
    -0.00019102112640633937,
    22.398823578068228,
    0.4806857847132086,
    -0.00015131000279147795,
    49.229152476906954,
    -0.07474053787738198,
    0.4722222222222222,
    4.26787937264034e-05,
    -0.07905565107196243,
    21.59095147401062,
    5.627925552933657e-05,
    22.016132413482215,
    20.7590420442376,
    -8.896544282542628e-06,
    0.011111111111111112,
    0.4638888888888889,
    -0.0003559171025418027,
    0.000187570516318467,
    21.795151612846013,
    0.136456855508637
  ],
  "std": [
    0.4995059387330894,
    0.011425992008059228,
    0.34719514990955797,
    0.49045677619471034,
    0.014032402061791972,
    0.31293623028666995,
    0.024116763996814027,
    0.02051631048982751,
    1.2652593240390229,
    10.339076692408677,
    0.20736372956002147,
    0.17863245745609893,
    0.020118134873482976,
    0.3265258139906558,
    0.024719582786317935,
    0.3020563390985576,
    0.03744576612856076,
    0.026856563426855693,
    1.2760647531337241,
    7.0208560489756735,
    0.00768484486893573,
    0.03683221244673845,
    0.027618174920552324,
    0.3325125894577918,
    0.18656661678007758,
    11.831690920789907,
    0.034311997065095905,
    0.36293105421405986,
    0.010258532650261271,
    0.04540954471104189,
    0.012116232453586798,
    0.014488788472799214,
    7.433993728598635,
    0.3478492644169515,
    0.005879423262244222,
    11.958756718661892,
    1.3392476323912097,
    0.4992278087669841,
    0.006867788127418079,
    0.06278246132311845,
    8.392554462627562,
    0.004454639156575898,
    7.698727677525113,
    7.291598283716122,
    0.010387267350409832,
    0.1048220225784067,
    0.49869429275680177,
    0.017398024215381936,
    0.02051631048982751,
    6.71035017205155,
    1.250492513013246
  ],
  "regime_mean": [
    24.812080246890204,
    0.5041568921826927,
    -0.2270776597199411,
    0.9965922269496957,
    0.19375985298749882,
    0.19444444444444445
  ],
  "regime_std": [
    9.799085118025598,
    0.11588019286892637,
    1.1848069520290785,
    0.42579471813663194,
    0.14772996338046515,
    0.39577242246597244
  ],
  "regime_cols": [
    "4h_adx",
    "4h_chop",
    "4h_vol_regime",
    "4h_bb_squeeze",
    "4h_trend_consistency",
    "4h_regime_trend"
  ]
}