{
  "mean": [
    0.49921371873595927,
    0.0004512572723574998,
    0.4998564852551437,
    0.5086116519394938,
    0.000593623320387402,
    0.5021606331915567,
    0.0027559176583182906,
    0.0013703744456786272,
    -0.017207322095291713,
    50.07660270648116,
    0.27033215086554696,
    0.3186953031635946,
    0.001478858461832231,
    0.0033413266035190892,
    0.4828272749960792,
    0.4893752595178211,
    0.008039730889045258,
    0.002745030736723499,
    0.20631150082973754,
    0.00014379913907489863,
    50.722223719952005,
    0.0033973114334605484,
    0.0071794112879927895,
    0.49932012921443075,
    0.04163546502920473,
    0.00034363142262911986,
    0.5038378450633115,
    50.11471028606977,
    0.0053580604232058415,
    0.0003667146207846008,
    0.01619654304110979,
    21.923861621439944,
    0.0006887892612217772,
    0.5037527688662745,
    -0.05716696159850011,
    0.00011455277160317634,
    50.10533001455183,
    0.505953272427737,
    8.397012183032267e-05,
    20.21318583634635,
    0.013794055692214662,
    21.841691759144254,
    3.0420114407614343e-05,
    19.815460487600433,
    0.0002177376107981945,
    0.5055414108132394,
    0.03564475063651341,
    0.0009076346948498916,
    0.0013668977123031036,
    20.053180907247945,
    -0.056491316393428866,
    0.000346654392382552
  ],
  "std": [
    0.4999993917613916,
    0.017826158282397427,
    0.3543524245267222,
    0.49992584395027007,
    0.022317902155149977,
    0.32097809537907523,
    0.04647618288798473,
    0.031957248326385634,
    1.3108716790691861,
    11.200714238456387,
    0.1934293586185534,
    0.2092502473471487,
    0.03583735043358633,
    0.052033370347318815,
    0.33964640444146,
    0.32253172525180296,
    0.07799915611807803,
    0.04580724548445768,
    1.280873333292735,
    0.011538269435405323,
    11.358161371263748,
    0.0557300162382758,
    0.08271206112991462,
    0.32017097721894816,
    0.19975474231191945,
    0.015876408715614656,
    0.3490328028794189,
    11.000288772799966,
    0.06353830347790212,
    0.018518197925180058,
    0.11604717674467306,
    7.678548264247866,
    0.022613628208875202,
    0.31878317606485496,
    1.3032362428523367,
    0.009057844020910942,
    10.55401679662821,
    0.4999645672912156,
    0.009581748764345761,
    7.321356487065956,
    0.12309625609435228,
    7.971321775614326,
    0.005981106645947355,
    7.468452400062445,
    0.01488908983823345,
    0.49996930182320676,
    0.18540282116685958,
    0.0288211688762379,
    0.03189544625921111,
    7.606761634219177,
    1.3057817510586933,
    0.01608774346539009
  ],
  "regime_mean": [
    26.533000150955843,
    0.5138623968123289,
    -0.0721110148692554,
    1.0518156536739884,
    0.21105954888140493,
    0.2603339823273925
  ],
  "regime_std": [
    11.127143786827574,
    0.15232145752901405,
    1.3833520386768883,
    0.6570409459211408,
    0.15290007157551497,
    0.4388168282430494
  ],
  "regime_cols": [
    "1h_adx",
    "1h_chop",
    "1h_vol_regime",
    "1h_bb_squeeze",
    "1h_trend_consistency",
    "1h_regime_trend"
  ]
}